motor_temp_c,vibration_g,current_a,battery_voltage_v,wheel_speed_rpm,torque_nm,operating_hours,failure_risk
53.85,1.134,20.58,12.42,1898.1,15.0,332.5,0
42.61,0.359,22.03,12.55,1908.7,9.8,13.8,0
71.92,2.16,29.8,11.36,3258.8,27.89,497.8,1
76.67,2.133,25.91,11.97,2622.8,25.05,431.3,1
78.43,1.671,24.76,11.83,2735.7,22.03,330.6,1
75.0,2.175,28.94,11.87,2470.9,25.89,514.6,0
66.71,2.154,24.6,12.25,2340.8,25.59,455.7,0
61.22,1.255,15.15,11.98,1977.1,16.12,207.7,0
67.61,2.248,23.39,11.81,2002.2,23.35,518.0,0
77.2,2.039,23.91,11.58,2889.2,28.07,455.4,1
61.77,1.405,20.81,12.43,1493.5,14.87,404.9,0
49.46,1.871,15.2,12.16,1684.4,13.62,220.0,0
66.89,1.251,32.46,11.7,3256.6,24.84,175.8,0
54.77,0.463,16.58,12.59,1578.5,13.33,111.4,0
75.33,2.496,32.77,11.8,3212.3,31.34,379.1,1
58.43,0.633,15.02,12.84,1511.7,11.81,129.9,0
77.8,1.439,27.42,11.8,2926.4,31.24,197.1,1
72.14,1.585,33.83,12.21,3151.9,29.65,281.9,1
55.96,1.529,20.77,12.4,2353.2,17.35,218.0,0
67.26,1.973,21.75,12.55,1441.8,12.6,519.2,0
59.16,1.472,16.93,12.44,1280.1,12.0,340.1,0
76.54,1.595,26.16,12.17,2339.3,20.88,373.2,0
65.47,1.641,25.9,11.8,1615.3,16.43,331.3,0
55.3,0.304,13.67,12.81,1874.8,11.68,77.0,0
67.23,1.146,18.61,12.3,1912.3,12.3,211.3,0
91.45,2.536,34.83,11.45,3613.0,28.64,417.2,1
59.38,2.105,10.66,12.65,1034.4,13.78,413.6,0
63.42,2.391,22.66,12.22,2025.6,21.97,504.6,0
70.41,1.261,21.82,12.37,2894.6,16.27,132.5,0
52.79,1.47,20.58,11.65,2508.3,18.78,160.8,0
46.14,0.607,17.83,12.78,2474.1,10.11,0.2,0
61.53,0.535,23.52,12.39,2973.4,19.67,44.1,0
59.72,1.646,18.48,12.56,2071.0,15.79,441.9,0
72.06,0.84,29.53,11.67,3699.3,24.19,55.4,0
63.83,2.076,27.2,11.53,2687.7,27.08,463.5,1
73.99,2.218,26.44,12.1,3007.7,27.17,398.2,1
61.19,1.874,21.22,12.08,1498.7,9.95,367.3,0
55.29,0.95,12.89,12.25,1185.3,8.14,197.8,0
55.58,1.357,17.55,12.73,1727.6,11.33,226.6,0
58.0,0.877,20.54,12.62,2492.9,22.14,14.1,0
66.23,0.839,24.52,11.52,2813.0,21.35,131.2,0
67.62,0.905,22.84,11.8,3573.2,26.59,65.6,0
39.45,0.795,16.73,12.84,1374.3,7.3,56.2,0
72.13,2.383,25.36,12.17,2951.3,25.4,442.2,0
80.68,1.866,31.46,11.48,2933.4,27.77,330.5,1
76.27,1.653,29.82,11.64,4239.4,30.03,139.6,1
59.11,1.018,22.03,12.25,2338.7,14.11,110.3,0
74.42,2.26,26.14,11.81,2784.6,29.51,359.1,1
77.89,2.107,27.26,11.72,2869.8,27.47,365.5,1
83.77,2.635,36.53,11.59,3164.9,37.7,507.8,1
56.46,1.578,17.53,12.26,2471.0,18.51,362.7,0
72.22,2.207,19.47,12.77,2533.3,23.33,427.5,0
77.31,1.395,20.58,12.39,1809.0,16.77,411.2,0
61.63,1.03,18.12,12.33,2526.6,20.41,108.0,0
72.15,1.703,18.39,11.95,2699.6,17.45,365.6,1
61.41,1.084,16.0,11.83,1838.8,14.51,86.3,0
70.91,0.69,15.98,11.97,3176.6,19.07,20.7,0
63.46,1.048,20.26,12.04,2960.9,20.13,20.9,0
70.07,2.037,29.87,11.86,2007.6,23.33,348.5,1
60.8,1.33,25.42,12.35,2830.3,20.08,282.1,0
67.87,1.129,20.4,12.31,2414.3,16.68,63.1,0
64.47,2.038,15.49,12.51,1509.1,17.79,372.6,0
77.35,1.312,30.97,12.19,3111.8,28.08,143.6,0
60.09,1.686,24.11,12.4,1878.3,11.13,236.8,0
68.5,1.925,33.89,11.42,2821.9,28.07,345.1,1
79.89,1.951,26.81,11.48,3257.7,21.89,375.7,0
58.76,1.177,12.96,11.95,2355.1,14.28,197.6,0
63.53,0.857,24.32,12.01,2714.0,20.83,51.2,0
59.62,1.348,14.42,12.39,1659.8,13.93,294.3,0
70.82,2.115,26.86,11.82,2992.9,25.46,468.6,1
55.48,1.941,17.88,12.1,1659.1,14.42,251.3,0
49.85,0.924,15.03,12.17,2175.5,10.72,25.5,0
67.53,1.73,21.04,11.99,2350.5,20.52,326.7,0
69.61,1.873,32.86,11.46,4134.8,34.72,276.0,1
77.34,2.322,24.87,11.68,2579.9,22.82,502.6,1
67.28,1.811,17.76,12.17,1872.7,15.61,427.7,0
78.34,2.111,31.9,11.98,2510.3,29.84,348.7,1
64.87,1.179,18.37,12.37,2557.4,20.11,192.7,0
83.46,2.196,33.63,11.53,3775.6,30.67,344.6,1
80.53,2.511,29.3,11.76,2933.4,24.7,452.2,1
40.28,0.797,12.75,12.56,1013.8,10.11,90.6,0
73.75,2.379,24.97,11.68,3433.1,30.24,407.3,1
60.07,0.661,13.36,12.56,2442.3,15.83,34.2,0
79.34,2.169,28.34,11.78,3605.2,30.6,338.5,1
68.28,1.401,24.17,11.62,2416.7,20.15,194.6,0
59.44,0.766,20.16,12.39,1521.2,14.97,171.4,0
63.98,1.201,24.31,12.18,1515.3,13.03,341.5,1
81.2,2.181,20.65,11.85,2452.2,24.17,483.1,1
65.51,1.486,21.56,12.0,2398.0,20.62,388.0,0
63.72,2.086,24.32,12.28,2100.4,22.75,350.5,0
62.96,1.74,18.19,12.28,1775.6,13.78,346.9,0
87.64,1.91,29.7,11.41,3553.0,32.58,365.9,1
71.92,1.435,22.75,12.51,2275.3,18.77,168.9,0
47.94,1.139,17.32,12.59,2453.5,12.53,176.5,0
54.82,1.062,9.76,12.56,1779.4,8.25,76.2,0
63.88,1.593,18.27,12.26,2133.4,18.62,293.5,0
50.5,0.866,13.42,12.47,2060.4,8.39,161.4,0
77.18,2.141,30.09,11.68,2736.0,22.38,421.1,1
56.82,1.177,18.56,12.39,2025.6,14.75,128.8,0
45.46,0.247,18.7,12.34,1885.0,11.86,34.3,0
74.76,2.55,29.53,11.32,2490.3,21.68,503.2,1
68.74,1.964,27.61,12.52,2485.4,23.39,356.4,1
69.99,1.111,29.84,12.48,3271.3,18.31,40.1,0
65.8,1.82,21.52,12.13,2605.0,26.57,227.6,0
59.09,2.004,28.77,11.46,2755.8,25.57,434.3,1
65.41,2.4,21.11,12.57,2246.2,21.86,454.5,0
65.37,1.009,28.53,12.37,2648.1,14.41,115.5,0
51.18,0.525,18.02,12.48,1944.3,17.68,71.6,0
79.61,2.046,28.77,11.57,3306.7,28.94,378.2,1
61.38,0.726,21.64,12.32,3744.2,25.53,8.5,0
58.04,1.596,25.64,12.07,2921.2,20.65,273.6,0
75.22,1.947,24.61,11.86,2444.0,18.34,381.1,0
77.64,1.974,34.09,11.63,3602.0,27.81,328.5,1
59.8,1.845,13.96,12.61,1707.5,10.16,391.7,0
75.93,2.35,24.55,11.69,2042.8,21.48,506.3,1
71.98,1.271,14.72,12.94,2310.5,25.25,159.4,0
58.44,0.692,14.69,12.13,2382.6,15.26,39.0,0
64.92,1.138,20.51,11.94,1955.4,16.25,190.5,0
49.5,0.853,16.2,12.73,2058.1,12.58,129.8,0
56.38,1.377,15.86,11.86,1810.0,17.31,255.4,0
66.41,1.406,26.45,11.88,3083.6,26.63,281.9,0
51.37,0.554,13.09,13.2,2099.4,10.45,13.7,0
59.15,1.659,22.11,11.91,1526.6,14.11,428.1,0
61.0,1.146,27.74,12.0,2427.4,16.52,225.0,0
65.28,1.887,20.87,12.59,1778.1,11.54,286.4,0
56.68,1.162,13.74,12.15,1434.7,11.35,293.1,0
80.56,1.76,27.94,11.83,3151.6,25.88,251.1,0
79.18,2.111,32.0,11.6,3676.4,33.45,381.8,1
65.27,1.758,22.53,12.01,2727.4,23.25,199.8,1
85.26,2.452,33.34,11.44,2651.1,28.47,491.5,1
63.53,1.653,27.78,12.29,3195.0,24.71,224.1,0
48.45,1.438,17.62,12.23,1654.1,13.68,145.5,0
52.13,0.822,18.23,12.26,2745.1,15.57,71.3,0
68.85,1.113,21.08,11.45,2441.4,19.59,174.9,0
55.08,1.274,17.7,12.67,1056.5,9.07,357.8,0
57.3,1.402,18.82,11.72,1981.5,11.66,354.0,0
50.55,0.862,18.53,12.39,1607.3,15.58,71.8,0
73.88,1.881,33.43,11.71,3251.0,29.99,334.5,1
61.46,1.279,10.88,12.88,2184.0,7.89,164.9,0
60.32,1.37,22.34,12.54,2754.5,16.0,151.0,0
65.72,1.626,19.09,12.26,2787.4,23.21,320.2,1
70.27,1.692,16.97,12.05,2827.3,16.7,286.2,0
78.76,1.91,21.73,12.04,1877.6,18.43,458.8,0
56.77,1.114,19.7,12.62,1984.7,15.84,148.0,0
86.63,1.902,29.04,11.7,3060.3,26.68,411.2,1
66.82,1.146,22.11,12.16,2261.4,15.48,168.3,0
54.14,0.603,24.01,12.77,2119.8,18.26,61.5,0
45.39,0.643,11.07,12.44,1876.9,13.56,69.5,0
60.12,1.89,14.59,12.11,1476.5,14.93,454.0,0
47.6,1.336,13.83,12.42,1693.6,14.47,270.6,0
68.56,1.968,23.73,12.03,3009.5,21.67,419.6,1
68.89,1.94,8.35,12.6,1052.2,18.14,485.6,0
64.63,1.469,21.04,12.0,2747.6,19.81,195.3,1
54.88,0.459,16.18,12.64,2542.4,11.9,11.8,0
82.62,2.175,27.83,11.73,2836.7,23.16,420.9,1
52.44,1.187,16.79,12.2,2026.3,15.7,113.0,0
71.23,0.889,17.37,11.93,2189.6,18.79,114.9,0
71.48,1.188,27.99,12.04,2796.8,22.18,195.8,0
60.69,1.4,22.74,12.02,2176.5,14.23,336.3,0
77.07,1.815,32.69,11.54,4135.3,30.09,249.3,1
66.01,1.404,29.74,11.98,3235.1,18.13,197.9,0
78.95,1.409,27.02,11.97,3077.7,27.85,215.2,0
80.64,1.585,26.55,11.89,3166.4,24.11,259.6,0
86.95,1.656,33.32,11.44,3781.7,28.76,253.9,1
50.68,0.469,19.02,12.41,2339.2,15.16,4.8,0
64.96,1.21,24.24,12.31,2150.5,18.73,142.9,0
62.11,1.596,23.33,11.94,2524.2,13.87,206.4,0
66.28,1.045,24.42,12.04,2533.2,20.11,197.2,0
86.84,2.256,36.92,11.51,3379.8,26.65,451.4,1
51.8,0.453,13.69,12.49,2048.3,9.11,40.0,0
54.92,2.296,20.43,12.21,1802.3,15.31,506.6,0
62.99,1.915,23.3,11.85,2444.0,24.7,489.4,0
71.43,1.995,20.27,12.09,2370.7,21.84,384.6,1
60.54,0.952,29.36,11.89,3174.5,19.48,48.4,0
51.34,1.249,16.49,12.37,1909.9,16.21,198.0,0
60.77,1.87,22.89,11.91,2019.5,23.09,308.8,0
73.99,2.176,21.62,11.7,1928.5,19.74,506.6,1
60.79,1.892,15.9,11.8,1883.4,21.88,424.6,0
52.82,1.122,21.42,12.61,2290.9,13.18,151.5,0
71.85,2.075,26.93,11.6,2740.7,22.1,515.2,1
81.33,1.134,25.07,11.86,3192.3,16.07,44.2,0
47.07,0.469,13.0,12.77,1860.1,11.47,5.5,0
53.03,0.818,13.03,12.56,1934.2,10.09,12.8,0
70.25,2.385,18.86,12.35,1902.6,18.88,421.3,0
64.78,1.029,20.65,12.66,1889.1,18.16,120.6,0
62.41,1.901,24.83,11.83,1963.7,16.92,391.2,0
61.81,1.386,19.92,12.1,2232.8,18.89,305.2,0
62.66,1.167,21.97,11.82,2272.6,12.84,95.2,0
58.62,1.377,22.63,12.63,2257.3,14.81,254.6,0
77.06,1.866,23.04,12.22,2257.0,20.61,356.0,0
84.04,1.765,29.57,11.94,3958.6,32.41,386.1,1
70.12,2.12,15.55,12.5,845.4,19.68,514.7,0
67.75,1.143,29.56,12.1,3296.8,25.71,123.2,0
58.23,1.514,25.21,12.25,2854.8,20.59,146.2,0
73.68,1.805,21.43,11.72,1983.4,19.78,477.8,1
73.48,2.154,25.46,12.25,3426.6,28.12,235.0,0
78.31,2.048,26.97,12.16,2736.4,25.75,381.0,0
64.0,1.203,28.31,12.38,2538.9,20.77,175.6,0
56.27,1.355,17.34,13.02,1273.2,13.47,229.5,0
53.98,0.905,22.99,12.3,2235.5,17.27,193.4,0
60.97,1.128,30.21,12.18,3520.8,23.3,4.8,0
76.98,1.925,19.26,12.14,2295.4,20.35,391.6,0
64.73,1.591,19.8,12.41,2022.6,16.86,357.0,0
64.8,1.923,18.21,12.03,2417.8,21.48,315.9,0
59.13,2.172,33.66,11.79,2867.4,27.88,496.4,1
79.99,1.576,23.5,11.93,2890.7,24.87,190.0,0
59.19,0.879,25.61,11.89,2619.7,22.76,42.9,0
60.02,1.615,13.39,12.43,1381.7,12.17,354.1,0
66.89,1.637,19.13,11.85,1756.8,16.39,385.1,0
77.99,1.533,32.82,11.41,4184.5,32.1,139.8,1
63.51,1.461,27.91,12.22,3487.9,25.91,259.8,0
44.16,1.1,16.3,12.13,1575.0,15.52,245.3,0
56.93,1.289,23.6,12.41,2007.1,13.14,141.1,0
63.7,1.839,19.63,11.86,2203.7,18.57,439.3,0
81.16,1.591,30.39,11.92,2841.1,19.79,395.5,1
71.41,1.577,33.63,11.65,2593.7,24.28,275.5,1
77.49,2.375,16.45,12.18,2255.9,23.84,506.8,1
81.48,2.226,30.96,11.39,3193.6,29.2,416.4,1
69.91,1.581,29.83,12.28,3214.1,20.52,211.4,1
64.84,2.073,25.71,12.63,2877.1,24.49,434.7,0
84.61,2.15,34.4,11.4,3233.9,28.06,389.0,1
60.99,0.677,15.17,12.55,1589.9,12.2,134.6,0
67.89,2.097,20.98,12.55,2482.9,20.44,427.3,0
73.45,1.452,31.46,11.74,2957.3,21.9,153.5,0
85.45,2.31,28.58,11.77,2887.2,29.85,514.5,1
75.69,1.771,21.85,12.45,1611.0,20.03,404.8,0
69.55,0.839,22.86,11.8,3163.1,18.59,29.1,0
68.47,1.881,25.91,12.11,2626.0,23.03,364.3,0
47.94,0.792,7.09,12.32,1567.8,4.21,104.8,0
72.61,2.39,30.12,12.36,2639.1,17.29,499.5,1
59.4,0.856,20.84,11.65,2804.5,17.35,90.6,0
61.96,2.297,18.33,12.18,1354.9,12.26,501.9,0
71.72,1.176,27.26,12.04,2880.1,26.41,87.3,0
61.14,2.201,22.43,11.59,2507.3,23.83,460.0,0
62.33,1.543,20.3,11.85,3362.2,25.49,153.4,0
59.08,1.399,18.4,12.48,1710.5,10.57,251.0,0
70.64,1.15,25.07,12.2,3034.6,27.6,137.9,0
53.05,0.632,11.64,12.72,1601.6,9.68,103.8,0
59.62,1.041,21.42,11.9,2693.3,18.88,96.1,0
63.93,2.347,25.59,11.75,2354.2,18.91,504.8,1
65.64,1.831,26.93,12.28,2516.4,27.26,469.4,0
64.42,1.873,14.62,12.4,1449.9,16.94,420.4,0
79.08,2.304,28.21,11.23,3129.9,23.91,409.0,1
56.68,1.214,26.24,12.19,2923.4,23.11,148.8,0
56.75,0.55,12.2,12.85,1189.6,8.96,20.2,0
65.15,2.223,19.75,11.95,2066.6,23.19,451.8,0
76.3,2.359,34.96,12.07,3264.1,28.11,394.9,1
70.87,1.758,21.66,11.92,2432.3,20.71,433.1,0
49.34,0.605,13.74,12.63,1142.9,8.26,92.3,0
75.23,1.489,34.9,11.89,2727.0,22.42,336.6,1
54.46,1.177,24.27,11.97,2864.8,21.16,131.2,0
69.81,2.062,27.45,11.98,2325.6,18.85,438.5,0
68.98,1.65,16.87,11.87,1718.0,14.41,464.0,0
70.15,2.017,26.4,12.27,2334.4,25.52,518.7,0
72.5,2.035,25.07,12.03,2222.4,26.08,471.4,1
71.55,1.017,30.43,11.7,3489.6,28.56,95.2,0
78.25,1.589,32.15,12.02,2950.6,25.96,244.7,1
70.54,1.567,28.14,12.06,2914.6,20.71,164.5,0
68.32,1.607,27.07,12.21,3068.7,23.33,254.6,0
66.34,1.234,23.87,12.26,3412.7,27.79,99.1,0
74.27,1.292,29.73,11.86,3365.0,29.86,151.2,0
63.26,1.311,21.2,12.35,3202.8,22.34,209.8,0
63.47,1.373,12.96,12.53,1265.8,11.48,278.1,0
68.34,2.134,28.52,12.34,2836.7,24.45,361.5,1
51.32,0.747,17.62,12.22,2476.3,15.18,59.3,0
72.18,2.26,18.93,11.91,2431.8,22.96,485.2,1
83.87,2.48,30.69,11.47,2917.8,26.7,514.1,1
63.25,1.112,30.72,11.89,3662.7,24.58,23.9,0
59.27,1.789,23.59,12.35,2322.2,19.68,500.4,1
59.44,1.482,26.97,12.24,2790.6,12.97,216.3,0
72.66,2.59,25.46,11.4,2442.6,24.15,478.6,0
61.0,1.535,17.75,12.47,1656.7,20.86,348.3,0
75.53,1.861,25.68,12.12,2067.0,26.98,513.7,1
70.08,0.958,29.15,11.81,3365.6,25.66,115.8,0
53.45,1.015,20.23,12.76,2492.6,14.25,53.4,0
53.5,0.691,24.09,12.59,2340.9,18.66,115.9,0
74.86,2.002,31.45,11.97,2956.5,31.49,501.5,1
87.08,1.506,27.46,11.51,3229.6,30.52,237.7,0
73.55,0.895,21.8,11.94,3600.0,28.6,70.0,0
67.08,0.683,19.94,12.93,2785.6,16.82,66.8,0
77.07,1.24,32.22,11.78,3243.4,28.5,214.6,1
55.56,1.254,22.54,12.26,2420.4,22.27,179.6,0
60.52,1.637,22.38,12.5,2044.7,20.65,346.9,0
55.0,0.942,17.82,12.31,2204.4,10.39,149.0,0
64.67,2.159,25.2,11.95,2889.5,17.78,386.1,1
60.94,1.026,18.91,12.23,1151.5,7.83,287.1,0
75.16,1.736,32.16,12.04,3079.1,29.71,313.8,1
65.43,1.073,23.95,12.23,3223.4,19.25,67.6,0
62.89,1.557,24.45,12.32,1944.2,19.44,255.1,0
57.51,0.691,25.35,12.33,2258.1,15.62,115.0,0
75.68,1.133,19.71,12.34,2345.7,25.12,231.7,0
80.88,1.848,35.11,11.67,4102.1,29.53,195.0,1
64.59,0.417,29.34,11.65,3852.1,23.41,34.0,0
66.35,1.497,29.2,12.07,2915.5,28.31,238.8,0
58.56,0.416,21.0,12.23,2723.8,16.85,8.8,0
50.82,0.789,14.85,12.41,1462.6,15.79,156.7,0
61.66,1.835,21.79,12.08,1386.3,14.99,499.3,1
75.79,1.638,22.99,12.1,2708.4,24.05,310.3,1
70.06,1.471,22.41,12.17,1509.1,15.52,434.1,1
64.42,0.888,21.14,11.73,3014.5,25.1,51.1,0
65.73,1.264,25.1,12.26,2828.4,18.93,159.0,0
62.2,1.255,27.0,12.44,3249.8,17.08,69.8,0
78.24,1.709,31.53,11.98,2672.5,26.5,280.1,0
65.52,1.738,25.46,11.62,2557.5,24.63,286.8,0
55.54,1.121,15.19,12.3,2281.4,20.93,206.3,0
79.28,2.451,30.58,11.68,3264.9,34.77,503.2,1
66.42,1.008,20.22,12.53,2359.0,20.68,244.2,0
72.66,1.934,33.35,11.52,2945.4,28.77,339.7,1
53.28,0.918,15.28,12.4,1885.2,16.29,72.3,0
73.3,1.61,26.03,11.85,2992.1,24.27,250.4,0
51.07,0.325,16.83,12.59,1293.7,15.57,29.1,0
65.33,1.282,22.49,12.61,2535.1,21.68,88.7,0
58.63,1.11,25.1,12.23,2450.3,21.29,119.5,0
63.2,1.748,29.91,11.66,2368.0,20.47,407.6,1
47.72,0.836,17.26,12.05,2092.1,12.33,22.6,0
60.79,1.51,20.74,11.72,2260.2,18.4,248.1,1
72.11,1.753,30.65,11.62,2882.7,27.57,340.4,1
65.29,1.858,23.14,12.2,2297.7,17.5,392.6,0
71.72,2.03,23.55,12.22,2534.3,19.14,342.8,1
68.37,2.256,24.93,12.07,2341.7,19.2,501.6,1
62.41,1.842,18.86,11.71,2174.8,19.96,370.0,0
76.77,1.686,34.38,11.85,2991.9,28.08,268.2,1
46.44,1.759,14.71,12.76,1735.3,17.69,269.2,0
79.12,1.139,34.14,11.84,3347.4,21.4,135.8,0
65.26,2.297,23.47,11.89,2327.3,22.54,502.3,1
80.46,2.476,32.21,11.46,3393.7,31.28,517.0,1
54.57,0.371,19.71,12.28,2577.5,12.71,39.5,0
69.46,0.877,20.63,11.91,2692.3,16.07,105.4,0
69.94,1.566,28.75,11.65,2734.4,23.94,250.8,1
60.37,1.616,19.62,12.56,1626.9,18.84,356.9,0
56.65,1.46,18.39,12.02,2108.4,14.51,285.3,0
69.4,1.311,26.78,12.1,3484.3,24.2,68.2,0
52.23,0.453,16.02,12.75,1763.9,12.32,91.8,0
60.06,1.035,17.32,11.98,2921.1,20.93,31.2,0
74.9,2.544,25.76,11.7,3350.7,27.23,451.0,1
53.04,1.307,17.7,12.24,1734.5,15.48,328.5,0
64.89,0.98,14.71,11.88,2323.1,19.16,151.5,0
71.07,1.979,30.79,12.17,2445.8,21.95,378.4,1
70.22,1.75,22.32,12.26,2082.2,18.64,397.8,0
70.19,0.786,24.44,12.44,3427.7,20.33,14.9,0
66.13,1.558,22.88,12.24,2743.8,19.7,310.7,0
83.02,1.31,31.89,11.86,3566.5,25.33,135.1,1
45.62,0.866,12.58,12.36,1278.4,10.26,120.2,0
59.06,1.414,23.01,12.0,2604.5,16.92,124.6,0
70.39,1.754,22.54,11.97,2709.9,22.99,331.2,0
61.36,2.157,24.99,12.1,2162.6,16.42,378.1,0
75.11,2.614,26.81,11.49,2613.5,25.19,494.9,1
82.9,1.935,36.68,11.58,3385.9,28.85,401.0,1
55.11,1.393,21.56,12.01,1629.4,14.83,327.2,0
64.92,1.224,23.62,11.89,2363.2,18.05,168.7,0
45.62,0.608,9.4,12.34,1467.6,7.03,82.0,0
78.01,2.651,25.67,11.91,2803.6,22.89,510.5,1
70.97,1.173,32.29,11.44,3217.5,25.29,153.3,1
76.36,1.6,40.34,11.77,3976.0,29.2,153.7,1
61.96,1.688,22.73,12.31,2797.7,24.04,342.3,1
74.65,2.179,25.75,11.68,1857.0,20.2,434.3,1
74.33,1.515,28.04,12.22,2955.6,19.96,190.5,0
65.47,1.973,20.09,12.52,2137.9,21.11,368.4,0
64.59,0.815,24.87,12.44,2725.1,21.05,54.9,0
56.2,1.546,19.52,11.93,2564.8,23.84,230.4,0
57.92,1.222,21.69,12.77,2823.1,17.62,132.1,0
77.56,1.54,28.83,11.76,3612.5,26.65,143.5,1
61.39,1.967,22.82,11.78,2362.2,19.4,477.3,1
65.12,0.418,21.34,12.7,2466.0,16.47,29.1,0
55.81,1.22,24.86,12.4,1951.4,18.27,198.9,0
68.43,1.579,23.96,12.27,2463.0,19.28,262.5,0
54.59,1.017,16.01,12.31,2313.1,14.17,67.8,0
62.43,2.331,23.16,12.12,2203.5,17.74,480.6,0
83.42,1.389,29.49,11.83,3212.9,25.15,229.9,1
56.31,0.934,19.97,12.23,2448.8,15.68,11.8,0
58.88,1.558,18.18,12.22,1626.7,16.75,345.0,0
83.31,2.012,30.4,12.1,3383.4,30.25,343.3,1
65.71,1.559,19.01,12.46,2392.3,25.64,238.2,0
73.05,1.979,21.27,12.21,2368.8,16.73,422.2,1
82.48,1.359,25.73,12.22,3142.9,25.92,198.7,0
84.93,2.216,39.31,11.38,3287.4,33.67,416.1,1
56.69,0.569,13.71,12.63,2471.3,10.4,61.6,0
50.81,0.905,17.5,12.81,1639.9,16.29,142.4,0
67.0,1.6,26.67,12.03,2869.9,23.0,261.2,0
63.88,1.072,18.05,12.52,2121.9,18.92,214.8,0
60.81,1.68,26.28,11.76,1918.6,19.21,382.4,0
53.78,0.622,18.05,12.66,2127.7,19.41,22.1,0
69.31,1.203,24.13,11.95,2793.3,15.21,219.7,0
62.94,0.835,22.15,12.21,2698.7,15.53,70.4,0
57.39,1.7,20.8,11.89,2157.7,16.21,373.6,0
66.82,2.304,20.56,12.07,2582.9,23.19,399.5,1
70.03,1.537,17.9,12.63,1450.5,14.89,323.7,0
62.21,1.486,22.46,12.51,2481.5,17.8,312.1,0
83.21,2.535,27.19,11.43,2795.0,26.21,435.8,1
71.36,1.793,33.32,11.93,3160.3,26.71,236.8,1
62.92,1.677,20.96,11.76,2438.1,18.49,361.2,0
73.64,2.371,23.73,11.68,2460.1,22.94,485.6,1
75.68,1.414,28.97,11.96,2533.7,25.77,316.9,0
43.02,0.478,18.94,12.64,1507.5,13.27,5.9,0
61.81,0.424,15.55,12.24,1787.7,9.73,15.1,0
62.03,1.6,22.21,12.41,2776.4,24.28,174.3,0
81.57,2.155,28.84,11.57,2337.8,26.54,461.8,1
80.77,2.234,27.69,11.71,3794.8,35.2,390.8,1
71.2,2.155,32.56,12.26,3049.8,24.45,408.2,1
64.79,1.271,30.78,11.88,4053.0,26.06,74.5,0
54.85,1.054,17.86,12.83,2374.5,18.06,45.3,0
76.09,1.348,24.35,12.0,2881.0,25.11,166.0,1
72.31,2.177,31.37,12.01,2967.1,25.32,366.3,1
54.91,0.943,15.68,12.77,1810.2,10.74,221.8,0
91.37,2.43,29.83,11.59,3432.4,29.9,506.3,1
68.75,0.7,24.69,12.11,2715.0,22.35,116.4,0
75.86,0.833,27.78,12.24,3615.9,23.44,88.8,0
61.15,1.252,21.29,12.16,2756.6,22.85,215.0,0
60.2,0.674,22.44,12.28,2924.7,20.38,40.5,0
81.47,1.171,28.91,11.89,3353.9,27.08,197.0,0
51.46,1.082,19.25,12.75,1717.5,21.45,202.8,0
44.37,0.75,11.09,12.66,1299.2,3.22,46.4,0
74.22,2.45,28.65,11.44,3205.8,30.79,447.8,1
64.23,1.923,18.78,11.87,1052.2,19.86,436.8,1
59.35,1.687,16.07,12.17,1775.5,17.92,334.0,0
67.99,1.956,22.49,12.36,2668.6,24.06,314.4,1
74.87,1.432,22.0,12.12,2589.6,19.44,250.4,0
70.6,2.352,25.19,11.85,2587.5,27.36,385.7,1
59.96,2.003,15.59,12.22,2211.8,17.53,499.5,0
63.67,1.752,20.25,12.62,2309.1,18.65,324.6,0
61.83,1.059,16.93,12.39,2119.1,19.32,307.7,0
58.7,1.162,15.45,11.96,2072.5,16.59,257.9,0
65.09,1.022,29.45,12.46,3497.2,22.61,156.7,0
46.37,1.777,18.26,12.15,1523.1,14.57,352.8,0
67.31,1.544,23.31,11.95,2292.3,19.67,203.4,0
48.49,0.656,16.42,12.6,2201.2,9.33,6.2,0
89.44,2.711,36.57,11.36,3908.9,30.22,494.3,1
57.82,1.261,24.65,12.06,2223.0,17.89,131.7,0
78.77,2.388,23.79,11.72,3114.4,27.83,404.1,1
62.18,0.868,27.41,12.33,2796.8,22.82,74.8,0
55.91,0.456,17.98,12.14,2802.4,16.54,77.4,0
87.06,2.084,25.16,11.78,3192.5,26.09,438.9,1
77.08,1.538,25.25,11.93,3343.6,26.29,208.3,1
53.77,0.961,21.32,12.39,2111.8,13.15,199.8,0
41.01,0.997,22.14,12.34,2561.8,16.41,32.8,0
76.03,2.268,26.36,11.88,2786.1,26.08,419.7,1
72.13,2.157,22.9,11.76,2193.9,22.6,477.4,0
54.8,1.12,29.46,12.11,2625.9,27.3,55.3,0
60.86,1.046,25.49,12.4,2659.9,16.58,71.4,0
82.5,2.479,27.79,11.19,2787.9,32.05,481.4,1
70.49,1.599,22.5,12.19,1384.1,17.69,360.0,0
59.65,2.162,19.28,12.04,2115.7,15.02,406.9,0
79.35,1.304,28.94,12.18,3250.4,30.4,100.7,0
65.23,0.952,32.07,11.79,3203.9,23.08,22.5,0
67.82,1.356,22.69,12.13,2191.6,22.11,352.0,0
57.88,0.772,21.09,12.71,2201.7,14.25,75.4,0
56.05,0.905,13.99,12.34,2081.4,11.06,238.5,0
69.14,2.432,24.35,11.75,2228.2,25.19,445.6,0
85.23,1.965,32.4,11.63,3225.0,29.19,307.7,1
68.45,1.483,26.05,12.11,2308.2,20.87,427.1,0
71.06,1.113,26.45,11.82,2564.8,23.19,158.5,0
39.48,0.483,14.72,12.5,2042.4,7.33,36.8,0
80.84,2.343,35.64,11.81,3812.1,33.6,491.6,1
57.8,1.962,24.5,12.36,2167.7,23.34,510.3,1
64.61,1.758,22.15,11.67,2158.9,20.16,353.7,0
68.03,1.991,19.38,11.84,2173.9,15.71,416.0,0
54.9,1.092,19.11,12.27,2297.4,12.61,152.4,0
67.66,1.067,22.94,12.26,2673.1,18.63,178.3,0
63.3,1.114,14.46,13.05,1878.6,9.58,251.8,0
57.26,1.013,19.12,12.32,2238.0,18.26,79.8,0
55.36,1.489,24.34,12.27,2189.1,15.57,280.7,0
73.27,1.391,23.46,11.64,2882.2,21.53,246.4,0
68.96,1.269,19.77,12.13,2637.3,17.44,160.2,0
76.31,1.919,23.39,11.46,3415.9,25.36,280.0,1
84.6,2.071,30.92,12.07,1861.9,27.0,444.0,1
74.39,1.529,29.5,12.07,2654.3,25.2,150.1,0
48.95,0.46,15.62,12.82,1660.7,9.94,34.4,0
73.19,2.016,29.23,11.86,1889.8,21.56,434.0,0
65.75,2.153,30.93,12.17,2599.0,21.36,216.9,0
66.09,1.682,30.05,11.87,2921.0,31.71,326.6,1
65.03,0.813,21.08,12.14,2805.2,19.54,84.9,0
81.62,2.253,27.56,11.36,3682.8,31.01,453.7,1
71.82,1.735,30.87,11.72,3150.0,21.65,252.1,0
56.15,1.495,15.79,12.58,2282.7,14.24,286.6,0
61.47,0.919,28.8,12.32,2687.9,19.84,177.9,0
86.62,2.301,31.07,11.25,3356.3,27.82,412.4,1
57.06,0.742,17.99,12.74,1813.0,10.14,96.1,0
62.82,1.423,17.3,11.96,3221.0,23.07,51.5,0
70.35,2.017,22.12,12.13,2414.3,22.3,368.0,0
47.1,0.628,13.07,12.71,1548.1,13.14,64.3,0
77.8,2.446,30.14,11.51,2667.9,24.66,507.6,0
59.52,1.468,15.38,12.31,2334.8,10.02,255.7,0
64.89,2.492,18.49,11.96,1929.0,14.74,507.1,0
67.99,1.407,24.93,12.33,2614.0,20.89,247.4,0
45.19,0.454,17.89,12.85,1643.9,4.3,27.5,0
58.25,1.676,29.54,11.98,2948.7,22.24,344.3,0
59.32,1.59,19.97,12.21,2325.3,15.4,195.7,0
74.99,1.637,23.05,12.12,3041.9,22.64,351.0,1
77.6,2.786,38.94,11.67,3171.1,31.42,508.4,1
54.86,1.032,26.31,12.2,2632.5,20.95,185.8,0
75.76,1.529,23.76,12.16,3009.8,22.87,239.7,0
61.84,1.463,18.26,12.11,2869.6,16.31,174.7,0
52.4,0.852,16.29,12.39,1654.5,12.55,149.4,0
60.07,1.093,16.12,12.27,1597.0,16.96,247.1,0
82.24,1.927,19.71,11.98,2408.4,23.89,397.0,0
67.51,1.514,22.7,11.9,2390.5,21.51,225.5,0
48.11,0.866,12.79,12.68,1767.7,11.7,33.5,0
65.66,1.522,22.15,12.59,2330.8,17.93,241.4,0
77.03,2.127,21.98,12.16,2894.6,26.21,501.2,1
52.05,0.595,15.23,12.49,1905.2,12.63,73.1,0
72.17,1.812,29.27,11.91,2737.0,26.54,303.8,1
73.24,1.274,14.66,12.0,1801.6,10.78,194.8,0
62.54,2.262,28.46,12.34,2511.3,19.28,410.2,0
68.03,0.903,14.61,11.93,2089.5,13.0,204.3,0
84.65,1.988,35.19,11.34,3334.8,25.25,450.6,1
62.95,1.225,18.34,11.95,2381.5,16.4,183.0,0
81.46,1.71,26.97,11.44,2602.2,19.5,326.7,1
68.26,1.364,22.8,12.13,3106.5,17.1,248.8,0
58.09,1.248,19.51,12.62,1863.2,15.02,116.7,0
64.21,1.174,27.4,11.78,2577.1,23.45,191.3,0
72.96,2.338,31.19,11.89,2968.1,30.99,445.3,1
66.64,1.097,25.94,11.57,3066.1,25.31,192.2,1
60.03,1.409,15.97,12.69,2109.8,17.07,173.1,0
59.46,1.398,22.58,12.68,2080.7,11.08,261.9,0
63.11,1.958,28.18,11.82,3452.4,21.74,147.1,0
61.27,0.624,31.7,12.17,3185.2,21.19,27.7,0
75.62,1.779,26.93,11.83,3519.6,24.46,252.3,0
77.2,2.018,28.22,11.74,2515.9,22.03,505.2,1
43.88,1.6,16.36,12.33,1997.9,12.74,307.0,0
69.12,1.25,30.24,11.94,3564.8,25.2,169.0,0
54.2,1.238,17.91,12.27,1911.6,15.17,92.6,0
57.03,1.182,25.75,11.98,2346.6,18.55,161.3,0
71.52,2.311,28.55,12.19,2978.8,27.93,421.7,1
77.85,1.366,23.03,11.96,2863.6,23.06,272.8,1
55.01,0.931,21.82,12.56,2490.6,17.08,56.0,0
53.31,0.631,18.58,13.0,2366.0,14.37,94.7,0
82.91,2.133,33.66,11.91,3171.5,24.76,388.5,0
61.13,1.734,22.45,12.15,2307.6,19.43,313.0,0
58.21,1.69,21.48,12.3,1608.7,18.61,446.7,1
51.13,0.987,14.33,12.52,1956.9,9.95,86.4,0
79.28,2.699,26.62,11.66,2764.3,26.45,509.3,1
81.87,1.78,24.17,12.07,2373.4,24.59,253.7,1
60.42,1.802,20.47,12.13,1312.6,12.08,362.7,0
55.95,0.376,19.48,12.18,1911.6,17.24,68.2,0
66.21,0.917,23.18,12.3,3251.1,19.8,67.1,0
70.73,1.201,27.06,12.26,3164.7,24.33,82.5,0
51.25,0.482,13.87,12.53,1987.0,12.34,139.1,0
88.86,1.604,34.57,11.83,3310.5,31.74,317.5,1
62.97,1.108,28.15,11.84,3423.3,22.07,51.6,0
63.69,1.1,18.95,12.4,2600.4,14.54,44.3,0
75.42,1.663,32.83,11.26,3550.2,28.47,238.6,0
50.46,0.667,10.35,12.3,1418.8,7.06,85.4,0
71.42,1.463,26.93,12.24,3446.8,22.67,209.0,0
66.33,0.724,18.9,12.39,2365.2,17.63,106.7,0
61.87,1.753,19.9,11.9,1796.0,20.28,377.1,0
73.05,2.243,24.92,12.21,1814.4,26.53,513.2,1
69.71,2.207,24.7,12.27,2369.6,20.01,514.3,0
58.9,1.498,18.14,11.79,2111.7,16.85,270.2,0
58.68,1.413,22.12,12.43,2160.4,20.59,247.7,0
53.31,0.876,18.51,12.48,1301.8,14.24,254.6,0
63.91,1.404,23.57,12.23,1834.9,17.86,192.1,0
58.72,1.544,17.55,12.21,1157.5,10.53,306.6,0
62.83,1.936,20.45,12.08,2502.2,19.5,406.3,0
80.08,1.667,24.14,11.64,2797.2,18.77,345.5,0
84.86,2.521,32.07,11.56,3300.3,30.14,414.0,1
59.29,1.521,12.98,12.34,1411.6,14.21,466.4,0
59.46,2.046,18.87,12.29,1635.5,16.37,448.2,0
60.52,0.909,25.86,12.33,2628.3,21.51,46.6,0
57.04,0.94,18.89,12.41,1690.0,15.12,195.3,0
60.95,1.173,16.68,12.03,2311.0,21.18,211.9,0
65.79,1.389,15.31,12.38,2175.7,18.7,330.6,0
81.56,2.452,39.24,11.2,3761.3,38.63,431.3,1
52.97,1.369,18.51,12.65,1541.7,15.25,265.4,0
73.39,2.025,25.9,12.57,2291.4,25.91,497.9,1
81.49,0.855,27.23,12.11,3895.4,25.31,8.3,0
81.03,1.991,31.48,11.89,3815.9,30.77,409.4,1
75.41,1.99,27.95,11.82,2845.0,24.7,399.3,1
73.92,1.62,23.23,12.22,2376.4,17.62,373.3,0
61.65,1.313,23.66,12.18,2487.2,19.92,295.9,0
75.54,1.153,23.8,12.02,2775.2,21.71,118.5,0
77.09,1.76,27.82,12.1,2984.3,25.88,333.3,1
53.87,0.782,19.18,12.54,2164.5,18.59,42.5,0
70.14,1.673,26.87,12.19,3134.9,24.47,249.6,0
72.95,2.239,27.74,11.83,2420.6,29.47,490.6,1
61.5,0.942,24.87,12.17,3084.7,20.42,66.3,0
51.38,1.359,19.95,12.24,1127.6,12.3,343.1,0
59.18,1.075,21.05,12.02,2597.2,22.4,53.4,0
64.55,0.83,20.44,12.51,1948.2,17.28,162.1,0
81.29,1.562,25.5,12.18,2759.4,18.44,304.9,0
65.68,1.419,22.49,12.12,2495.3,19.07,172.2,0
55.03,1.33,21.34,12.44,2631.5,16.97,119.7,0
54.1,0.57,20.32,12.48,2470.8,18.93,15.6,0
77.63,1.492,30.82,11.55,3715.2,27.99,176.7,0
74.47,0.924,22.32,12.05,2066.4,14.41,158.6,0
71.06,1.897,26.55,12.15,2280.5,22.69,413.3,0
61.27,0.861,13.81,12.66,1055.4,10.4,170.4,0
66.3,1.667,23.62,12.21,2880.0,21.21,264.5,0
52.34,1.287,20.43,12.17,2065.6,12.75,208.5,0
44.5,0.8,12.93,12.63,1500.2,14.68,69.9,0
65.1,1.354,12.68,12.35,1982.6,7.94,198.8,0
47.09,1.0,14.4,12.37,1602.9,2.48,37.1,0
91.28,1.932,34.08,11.6,3605.9,32.87,391.2,1
50.92,1.375,19.89,11.84,1596.0,17.55,266.6,0
65.48,1.109,27.35,11.9,3423.0,25.32,97.7,0
67.62,1.693,21.31,12.11,2179.4,13.34,433.8,0
79.87,1.726,23.96,12.21,1973.0,20.41,495.4,1
73.75,1.77,28.14,11.55,3234.9,27.75,296.1,0
60.38,0.857,19.39,12.46,1786.5,14.21,147.6,0
55.62,1.797,17.29,11.92,1744.9,16.21,496.7,1
57.05,0.411,8.85,12.72,1481.9,6.65,74.2,0
73.58,1.454,28.38,12.44,3105.3,22.54,237.3,0
66.84,0.783,20.72,12.11,1647.4,17.72,95.4,0
59.47,2.166,14.92,12.14,1912.4,17.86,517.6,0
79.55,1.764,24.97,12.33,2984.0,24.43,198.2,0
69.32,1.297,36.24,12.03,3598.6,26.91,126.0,1
57.57,0.508,12.65,12.18,2008.2,10.43,112.7,0
40.89,0.571,13.7,12.89,1554.8,6.36,27.3,0
61.57,1.724,16.85,12.32,1596.6,18.14,347.9,0
66.9,1.288,25.39,12.13,3014.3,26.12,107.7,1
81.14,2.57,35.31,11.55,2765.3,29.96,423.8,1
52.7,0.61,19.13,12.7,2308.6,18.27,89.2,0
74.0,1.693,20.77,11.61,2586.7,27.0,304.2,0
60.69,1.609,22.56,12.09,2257.7,14.26,322.3,0
61.64,1.034,30.04,12.21,2634.7,22.17,144.6,0
69.12,2.065,24.52,12.1,3054.0,23.98,471.4,1
59.45,0.916,29.29,11.95,3550.9,25.67,100.1,0
61.75,1.968,23.56,12.42,3068.9,25.05,375.3,0
59.38,0.492,21.33,12.44,2388.5,10.88,87.2,0
59.07,1.659,20.69,12.08,2419.1,20.91,309.5,0
58.61,0.469,15.26,12.61,1009.9,8.39,98.6,0
56.36,1.369,15.73,12.98,1620.8,9.37,212.6,0
80.42,1.708,28.18,11.4,3090.0,26.33,358.0,1
72.95,1.662,29.21,11.85,3743.9,28.41,354.2,1
56.73,1.469,22.67,12.02,2342.9,17.56,219.9,0
58.6,1.136,23.79,12.47,1752.3,15.22,179.1,0
68.91,0.937,24.63,12.03,2950.3,20.79,88.7,0
66.59,1.417,23.08,11.9,2965.3,21.78,134.9,0
44.3,1.272,16.23,11.76,1161.5,13.15,390.9,0
64.61,1.18,28.21,12.13,2784.2,23.24,192.8,0
83.33,1.936,30.51,11.22,3200.7,32.66,363.1,1
67.89,1.297,19.76,12.2,2291.7,22.88,247.1,0
66.75,1.588,27.71,12.27,2327.2,19.95,222.5,0
65.04,0.851,22.25,12.23,2717.4,18.39,66.5,0
81.35,2.45,32.42,11.58,2910.4,27.49,391.7,1
72.15,2.199,25.39,11.69,1873.5,14.24,466.7,0
59.84,1.261,27.96,11.81,3131.0,24.75,196.0,1
58.55,1.675,20.59,12.41,1965.4,8.05,385.1,0
67.63,1.56,21.51,12.0,3175.7,26.63,189.8,0
74.77,1.308,25.63,11.78,3179.3,24.9,259.9,0
58.28,2.286,21.58,12.39,2602.5,26.01,367.4,0
50.77,2.115,16.84,11.76,2301.7,17.17,364.2,0
74.46,2.252,24.45,12.02,2670.1,19.7,352.5,0
80.66,2.135,34.04,11.74,3367.9,26.35,441.9,1
77.46,2.131,21.97,12.18,2489.4,18.3,377.5,0
79.38,2.605,40.26,11.33,3380.5,36.88,504.3,1
69.11,1.673,27.81,11.97,2422.1,24.46,342.4,0
63.51,0.67,19.77,12.23,2658.0,21.86,12.0,0
56.62,0.846,22.95,12.1,2880.9,21.04,33.0,0
53.43,0.809,25.0,12.28,2869.1,21.57,64.5,0
55.65,1.814,17.88,12.22,1383.9,21.13,442.8,0
56.94,1.935,24.15,12.13,2709.1,25.23,407.1,0
48.09,0.762,13.82,12.63,1594.1,10.29,123.3,0
53.54,1.118,15.89,11.58,1767.0,11.89,198.5,0
82.66,1.929,34.46,11.82,3328.1,28.28,341.8,1
56.9,1.858,18.05,12.34,1325.7,19.54,285.2,0
48.99,0.745,22.85,12.11,1969.2,12.81,54.6,0
61.1,2.092,24.38,11.78,2068.9,20.17,492.2,1
48.77,0.558,10.62,12.32,1992.7,17.42,80.9,0
65.86,0.921,15.26,12.45,1888.9,14.82,261.2,0
53.45,2.092,22.91,12.05,1310.1,16.97,491.3,0
67.98,1.226,23.48,11.62,2709.6,26.33,267.8,0
82.1,1.974,33.51,11.63,2924.2,29.82,428.1,1
73.84,2.528,22.85,11.83,2181.3,28.29,475.3,1
55.4,2.06,15.81,12.46,2071.0,14.65,429.4,0
64.33,1.341,20.4,12.19,2370.2,17.33,184.4,0
64.7,1.334,19.35,12.3,2615.3,17.38,155.6,0
59.02,0.65,19.74,12.38,2953.9,15.5,20.9,0
75.75,1.891,27.11,11.6,3338.1,25.36,397.5,1
62.14,1.223,25.88,11.58,3073.4,21.78,150.5,0
68.41,1.634,18.4,12.04,2600.4,19.95,103.2,0
84.29,2.885,35.45,11.68,3259.1,33.8,515.0,1
59.62,1.194,21.92,12.27,2341.6,15.6,158.2,0
74.16,2.101,23.56,11.87,1992.3,16.82,472.4,0
71.51,1.539,25.65,11.86,2275.6,19.84,275.0,0
67.84,1.531,32.55,11.88,3563.3,26.32,99.0,1
68.91,1.326,12.34,12.46,1799.2,13.41,286.3,0
73.4,2.259,19.9,11.71,2252.1,18.85,484.3,1
75.21,2.345,31.82,11.72,3702.1,32.99,356.0,1
74.22,2.005,32.26,12.09,3171.9,28.43,362.3,1
46.78,1.177,11.14,12.47,1541.1,5.8,123.9,0
65.44,1.36,26.44,12.04,3390.3,27.87,180.7,0
57.19,1.922,26.66,11.47,2884.1,25.94,428.4,1
77.25,2.1,24.87,11.55,3187.1,25.89,340.0,1
80.79,2.427,30.83,12.04,3023.9,23.3,377.7,1
56.06,0.852,23.36,12.13,2139.8,14.13,84.7,0
86.32,2.008,37.72,11.55,3857.8,34.09,420.2,1
52.7,0.791,12.95,12.44,2104.7,13.93,7.0,0
72.29,1.083,22.33,11.98,3793.5,29.23,29.1,1
53.03,1.624,21.65,12.11,2325.9,18.77,222.1,0
89.61,2.164,28.38,11.59,2624.6,27.3,497.0,1
66.77,1.157,15.69,11.86,2454.8,11.97,78.1,0
63.09,0.514,27.73,12.36,3130.5,19.45,1.1,0
69.18,2.06,24.69,11.71,2331.7,18.15,517.3,1
58.51,1.551,18.97,12.3,2328.3,15.39,217.7,0
64.25,0.744,18.45,12.58,2070.8,7.59,122.3,0
61.58,1.128,24.71,12.21,2184.5,16.7,153.2,0
76.91,1.504,30.63,11.87,3875.7,30.11,193.3,0
48.85,0.942,12.15,12.92,1680.6,9.02,77.9,0
65.71,1.636,20.81,11.98,1847.4,10.17,458.2,0
74.18,2.079,27.38,11.54,3108.6,20.93,368.9,1
69.14,1.255,29.6,11.99,2869.3,22.38,162.9,1
58.74,1.381,21.18,12.18,2374.3,25.26,146.7,0
79.11,2.104,35.02,12.06,3538.2,23.72,293.1,1
69.8,1.2,22.8,12.33,3234.2,20.55,50.6,0
64.35,1.288,26.16,12.08,2362.4,15.49,240.8,0
60.59,1.597,28.72,11.69,3298.2,28.55,177.5,1
64.36,0.745,19.34,12.47,1884.6,19.81,79.2,0
65.12,1.454,24.42,12.62,2734.9,20.11,145.7,0
59.64,1.36,12.73,12.7,1907.5,12.9,295.7,0
53.65,1.093,18.97,12.75,2452.1,15.78,263.1,0
64.86,1.062,17.16,11.86,2411.8,17.95,82.3,0
61.74,2.181,21.25,11.98,2399.8,21.85,477.1,0
68.57,1.568,17.79,12.27,2617.4,19.9,332.9,0
70.3,2.024,26.57,11.35,2558.7,24.95,355.5,1
67.58,2.102,17.47,12.25,1876.6,16.62,431.9,0
77.6,1.541,31.85,11.39,3556.0,37.97,184.4,0
87.63,2.493,38.97,12.07,3176.3,32.06,386.3,1
78.42,1.551,26.82,11.84,3006.2,27.41,234.3,0
65.37,2.002,20.0,12.11,1753.4,19.41,505.3,0
52.8,0.773,23.28,12.01,2244.2,17.48,59.0,0
73.88,2.485,30.24,11.11,3243.6,29.77,481.1,1
55.7,0.829,19.71,12.34,3159.4,16.19,17.0,0
88.92,2.569,38.93,11.29,4174.3,31.23,426.6,1
46.97,1.398,19.27,12.43,2075.4,12.82,125.6,0
87.58,2.301,37.43,11.37,3469.2,32.66,430.8,1
61.66,1.713,22.86,12.14,2423.6,19.19,262.2,0
61.06,1.623,14.52,12.18,1648.6,18.92,308.5,0
55.68,1.244,21.87,12.18,1576.9,11.89,278.4,0
76.02,1.692,23.21,12.31,2755.3,26.08,238.7,1
66.14,0.79,27.67,12.14,2766.0,20.49,38.3,0
86.17,2.426,33.04,11.59,3095.2,30.39,507.5,1
62.18,0.771,12.76,12.39,2260.2,19.46,59.7,0
75.8,2.253,28.08,11.77,2386.7,25.73,387.5,1
60.79,1.486,28.68,11.68,2849.2,21.91,162.0,0
63.23,1.738,19.36,11.57,2685.2,21.71,194.5,0
69.78,1.763,34.14,11.93,3921.4,29.27,167.8,1
67.48,2.255,28.3,11.66,2804.3,23.53,413.5,1
55.87,1.991,25.08,11.95,2809.5,26.08,393.2,1
62.05,1.355,19.36,12.1,2210.2,10.87,299.7,0
55.28,1.874,12.74,12.54,1375.3,16.23,335.3,0
72.38,1.879,27.09,11.95,2452.6,26.51,362.2,1
68.6,0.827,20.28,12.25,2193.3,13.53,88.5,0
58.52,0.875,26.58,11.91,3295.2,14.92,39.0,0
61.26,1.213,16.94,12.19,1779.4,15.97,232.3,0
84.77,1.983,27.78,11.93,3036.7,29.19,290.4,1
53.23,0.524,15.23,12.52,1445.1,12.82,54.4,0
71.89,1.561,30.12,11.72,3354.5,28.04,189.1,0
52.22,0.797,12.48,12.61,1266.9,10.2,125.1,0
49.75,1.118,11.46,12.35,1345.6,11.0,141.7,0
66.21,1.599,26.09,11.96,2810.7,19.27,336.1,0
69.53,1.098,23.26,11.97,3083.5,25.17,107.0,0
64.04,1.137,20.71,12.2,2805.4,21.87,124.1,0
85.06,2.236,21.4,11.44,3372.0,25.1,353.2,1
47.29,0.05,13.7,12.88,1583.3,10.11,76.2,0
70.12,1.858,24.63,11.52,3462.6,25.03,369.3,0
70.33,1.67,21.89,11.94,2573.6,18.08,342.9,0
72.73,2.207,25.93,11.28,2677.8,28.34,456.1,0
47.52,1.087,21.29,12.38,1554.3,18.68,160.8,0
63.79,2.141,23.36,12.08,2184.3,23.07,356.5,1
68.76,0.949,23.42,12.01,2801.0,20.85,159.0,0
60.87,1.445,24.15,11.86,3197.1,22.62,102.3,0
49.08,0.891,18.7,12.5,1809.9,13.79,157.1,0
68.79,1.758,24.48,12.0,3278.2,22.64,294.7,0
81.64,1.56,31.36,11.44,3438.7,30.16,222.4,1
59.15,1.102,30.14,12.18,3093.5,18.61,66.2,0
65.85,1.191,27.04,12.13,3312.8,20.03,28.4,0
50.7,0.897,16.45,12.41,1502.5,17.87,27.6,0
78.08,1.94,32.69,11.55,3556.5,28.64,252.2,1
76.25,2.06,28.28,11.46,2942.6,27.64,511.0,1
59.76,1.948,23.17,12.13,1800.8,14.36,341.9,0
69.5,1.061,27.72,12.31,3778.0,23.46,55.8,1
65.75,2.428,23.33,11.99,2175.3,19.89,471.7,0
69.05,1.603,32.07,11.76,2979.6,26.99,176.4,0
66.29,1.956,25.6,11.99,2905.0,22.36,299.5,1
59.47,1.301,24.03,12.78,2502.5,14.35,55.2,0
60.35,1.45,27.18,11.9,2500.6,19.47,318.2,0
63.31,1.656,22.77,11.77,2224.0,20.65,298.4,0
67.69,1.764,20.53,11.58,1953.6,16.19,347.7,0
66.24,1.643,19.56,12.22,2423.6,19.82,296.6,0
55.57,1.498,18.23,12.37,1740.3,11.42,155.1,0
56.64,2.053,22.4,12.32,1710.6,17.16,503.4,0
52.53,0.791,10.49,12.37,2061.6,9.9,136.8,0
48.59,0.737,20.75,12.53,1146.2,6.94,122.5,0
76.72,1.146,25.8,12.03,2700.6,17.11,286.7,0
75.95,1.838,24.55,11.92,2934.7,27.47,447.4,0
74.02,2.59,26.19,12.27,2755.2,20.32,510.9,1
70.39,2.206,18.59,11.93,1637.9,21.0,515.3,1
49.1,0.463,16.48,12.48,1566.7,4.41,63.6,0
67.18,1.294,31.16,11.77,2952.5,22.37,152.2,0
75.76,1.504,24.7,11.74,2983.0,22.96,71.3,0
45.98,0.715,19.6,12.41,2518.1,17.91,17.6,0
47.61,0.427,26.15,12.11,2546.2,12.75,27.2,0
71.07,1.33,30.81,12.09,3150.6,21.37,177.3,0
74.95,2.401,24.78,11.33,2410.8,23.08,487.7,1
58.8,2.271,16.69,12.39,1830.6,12.64,494.5,0
58.71,1.033,16.89,12.27,2478.2,21.99,64.6,0
69.94,0.818,30.15,11.89,3405.4,24.34,30.5,0
59.74,0.713,21.92,12.08,2702.3,22.49,25.8,0
63.79,1.486,27.6,12.19,2758.8,27.71,183.7,0
64.32,1.534,28.38,11.97,2516.1,21.85,333.8,0
61.47,1.68,14.18,12.13,1510.5,18.9,474.2,1
80.97,1.982,25.91,11.74,2893.5,26.9,377.7,1
69.1,2.181,27.68,11.69,2613.7,25.91,440.7,1
69.34,0.969,25.81,12.13,2554.1,24.4,188.2,0
70.69,1.84,23.33,11.83,2234.7,19.16,314.7,1
52.95,0.956,21.66,11.74,2366.2,16.81,149.2,0
68.08,0.743,35.3,12.22,4084.4,25.05,137.0,0
78.73,1.344,21.43,11.35,3669.8,27.25,209.2,1
67.54,1.737,28.84,11.86,2892.8,21.91,233.4,0
56.16,1.087,27.67,12.16,2668.9,25.07,192.3,0
73.53,1.368,28.09,11.95,2412.3,22.66,301.5,0
61.79,0.7,29.23,11.95,2507.0,11.11,51.7,0
39.02,0.575,19.73,12.62,1766.2,9.87,73.3,0
82.23,1.671,29.93,11.78,4059.8,23.47,297.0,1
48.95,0.942,15.54,12.85,1474.8,11.88,60.6,0
64.64,1.147,20.23,12.36,1604.8,19.27,163.7,0
55.83,1.34,21.48,12.34,1717.9,11.45,137.9,0
57.19,1.713,18.35,11.97,2052.2,16.29,290.0,0
49.2,1.084,17.58,12.54,2162.7,9.5,120.6,0
77.94,2.5,28.03,11.32,2968.1,24.73,504.1,1
75.05,1.283,29.93,12.2,2669.9,24.06,254.4,0
61.55,1.795,23.49,12.3,2561.7,20.87,229.8,0
80.1,1.859,30.17,11.16,3508.6,26.39,325.1,1
72.85,1.5,28.75,11.43,2781.1,25.19,269.7,0
79.79,2.729,29.58,11.9,3253.3,30.68,488.8,1
70.2,0.771,29.7,11.94,3763.9,23.64,68.2,0
79.42,2.035,29.14,12.0,2777.3,23.52,382.7,1
64.23,0.827,18.12,12.48,2337.1,16.28,48.4,0
71.62,2.165,29.74,11.18,2672.9,25.33,507.1,1
58.38,1.083,19.72,12.7,1994.2,18.1,254.7,0
54.41,0.532,21.25,12.03,2219.7,19.81,78.3,0
71.57,2.297,33.54,12.08,3384.3,30.77,368.6,0
51.39,0.319,14.23,12.65,1795.3,13.09,20.3,0
75.84,2.067,27.62,12.25,2668.4,20.67,351.9,1
78.03,1.818,29.42,11.83,3106.9,27.06,240.7,1
67.43,2.26,20.24,12.03,1804.1,22.47,508.0,1
69.91,1.685,28.17,12.16,2947.2,24.77,327.0,1
66.34,1.792,25.27,12.21,2711.5,24.31,379.9,0
84.15,2.32,32.81,11.48,3572.9,34.72,453.1,1
60.36,2.211,22.12,12.37,1513.7,18.32,465.9,0
68.62,0.903,20.23,12.04,2132.7,11.25,162.1,0
80.93,2.127,23.88,11.87,2893.1,24.4,410.3,1
84.54,2.56,33.21,11.61,3260.1,33.44,518.9,1
55.48,1.305,10.43,11.88,1818.9,8.63,315.5,0
77.86,2.014,29.35,11.74,2892.1,25.69,518.6,1
69.38,2.114,21.6,12.13,1731.3,16.61,452.9,0
73.29,2.091,14.58,12.14,2055.9,18.55,441.1,0
61.0,0.918,17.25,12.55,1825.6,13.53,103.3,0
43.13,0.926,16.76,11.97,1711.0,15.21,240.8,0
66.75,2.098,20.96,12.22,1919.2,15.88,376.6,1
59.91,1.404,18.33,12.14,2164.5,15.24,164.1,0
63.91,2.196,15.07,12.57,1713.7,14.01,432.5,0
79.46,2.044,34.85,11.7,3608.3,29.24,262.0,1
61.58,1.286,21.81,12.12,2011.3,19.65,305.1,0
64.47,1.166,27.12,12.03,3704.1,24.88,52.1,0
56.13,1.198,22.96,11.6,2375.9,18.71,175.7,0
101.74,2.37,34.03,11.84,3816.2,31.48,479.6,1
52.87,0.716,19.47,12.59,1948.4,8.65,0.4,0
67.01,1.186,21.98,11.92,2065.1,15.1,248.2,0
58.21,1.483,15.86,12.35,1095.8,14.26,396.8,0
68.44,0.849,24.89,11.56,2792.4,20.19,115.3,0
56.06,1.157,19.71,12.29,2488.7,14.9,109.8,0
92.09,2.368,34.73,11.53,3580.5,35.37,354.8,1
65.07,1.619,21.32,11.82,2730.0,18.41,236.4,0
71.27,1.411,19.17,12.38,2583.8,21.51,246.2,0
63.3,1.539,20.75,12.49,1430.9,18.98,306.9,0
56.0,1.114,19.43,12.47,1635.7,10.19,131.2,0
68.99,0.67,27.28,12.06,3983.9,25.29,19.0,0
83.48,2.303,35.72,12.25,2770.1,24.12,429.3,1
76.75,2.169,18.33,12.51,1937.6,12.78,509.7,0
58.39,0.66,19.96,12.16,1821.9,15.84,60.5,0
80.34,1.81,26.66,12.12,3044.4,24.96,388.4,1
71.45,1.234,28.0,12.15,2823.5,17.46,138.9,0
61.97,1.807,23.8,11.86,2344.4,17.41,330.1,0
61.3,0.958,27.96,12.15,2967.9,23.26,16.8,0
63.43,0.805,28.11,12.15,2740.8,20.34,15.4,0
76.6,1.076,29.32,12.12,3462.8,20.83,68.5,0
66.11,1.503,31.56,11.61,2840.3,20.07,212.4,0
66.15,1.491,20.18,12.09,2381.8,20.1,203.9,0
65.99,1.317,17.3,11.39,2553.3,20.28,199.3,0
52.28,1.386,22.94,12.06,1667.3,14.27,169.0,0
67.79,0.915,22.3,12.67,2914.7,23.26,83.9,0
65.04,1.764,20.25,12.2,2389.5,17.64,313.7,0
71.39,1.938,22.46,11.94,1700.7,21.43,517.7,1
65.05,1.495,27.73,11.94,3405.7,27.82,207.2,0
71.8,1.589,20.43,12.26,1856.7,16.52,391.9,0
66.1,1.127,18.4,12.0,2391.8,17.72,255.6,0
66.27,1.317,19.24,12.25,2498.7,23.18,114.9,0
55.01,0.971,15.28,12.35,1962.5,9.25,76.2,0
71.88,1.293,21.83,12.35,2773.4,23.38,211.0,0
62.14,0.649,19.46,12.48,3014.9,15.01,91.2,0
79.38,2.112,35.05,11.73,3684.0,32.01,439.8,1
85.75,2.404,35.55,11.12,3725.3,32.17,385.5,1
57.87,1.59,21.82,12.65,1487.0,11.85,237.2,0
65.15,1.956,25.25,12.13,2753.5,22.72,304.6,0
68.1,1.289,21.15,12.12,2521.3,13.75,111.8,0
55.61,0.755,26.84,12.14,3105.6,18.9,0.3,0
69.85,1.504,22.18,12.23,2039.7,19.46,291.9,0
73.48,1.429,26.23,11.87,3109.8,25.87,230.5,1
78.09,1.434,28.25,11.7,3893.4,25.11,317.0,1
77.23,2.527,30.28,11.67,3303.1,33.01,410.1,1
66.37,1.229,23.19,12.2,2848.7,19.78,210.1,0
50.4,1.012,12.38,12.42,2769.8,18.13,103.7,0
77.74,2.351,24.18,12.15,2476.3,21.8,472.6,1
71.24,2.043,24.12,12.11,2371.3,24.47,389.9,0
83.76,1.536,30.86,11.61,4003.7,23.89,135.6,1
63.47,1.737,21.7,12.45,2173.8,19.61,460.0,0
62.41,1.314,21.7,12.19,2002.2,19.04,206.1,0
72.73,1.38,16.11,12.08,2373.1,17.66,255.8,0
83.41,1.632,29.76,11.68,3141.6,26.01,317.2,1
95.86,2.184,38.36,11.53,3719.8,34.78,360.1,1
59.0,1.599,25.42,11.81,2313.6,21.51,350.8,0
33.65,0.556,10.93,12.84,1410.9,9.91,94.4,0
72.77,1.748,17.83,12.29,2370.6,22.26,220.6,0
62.28,2.179,26.22,12.06,2830.5,19.8,384.8,1
60.27,1.893,24.57,12.16,1644.0,17.58,393.4,1
44.21,1.59,15.99,12.26,1556.0,8.9,237.6,0
60.42,1.181,22.52,12.34,2798.2,22.86,43.9,0
77.89,0.944,28.19,12.09,3699.6,28.44,81.0,0
86.98,2.59,30.76,11.53,2987.3,27.63,502.0,1
66.23,1.232,18.15,12.05,2411.3,18.25,167.0,0
56.95,0.902,14.63,12.34,1409.3,13.43,47.9,0
63.06,1.228,21.27,12.33,2471.7,22.13,341.3,0
50.72,0.528,22.16,12.4,1754.8,13.0,42.7,0
62.84,1.739,21.29,12.07,1911.9,16.38,395.1,0
46.24,0.634,13.54,12.8,2016.5,8.94,74.3,0
71.94,0.726,25.15,12.41,3334.9,30.04,111.7,0
77.32,1.788,22.66,11.39,3138.5,26.37,285.4,1
70.48,1.107,19.38,12.23,3568.1,15.43,57.8,0
79.39,1.942,28.68,11.58,2861.9,31.71,436.8,1
59.11,0.79,20.4,12.93,1305.5,9.13,194.7,0
92.7,2.583,33.8,11.34,4062.1,33.01,498.7,1
55.96,0.113,16.38,12.97,1788.8,9.92,30.8,0
71.39,2.184,22.33,12.06,1562.2,19.36,433.9,0
48.51,0.72,19.63,12.5,2453.9,13.22,5.6,0
76.74,2.431,19.03,11.64,2145.0,18.17,509.1,1
44.5,1.186,12.24,12.1,1997.9,10.84,116.8,0
66.29,2.107,30.1,11.29,2586.2,23.64,449.9,1
60.29,0.676,14.45,12.13,2072.0,18.67,126.2,0
58.14,1.191,20.82,12.01,1984.7,12.19,198.9,0
57.78,1.203,28.18,11.98,2189.9,16.2,204.7,0
48.7,0.127,15.42,13.02,1511.3,17.14,13.3,0
50.35,1.365,11.21,12.85,1772.1,6.85,231.9,0
84.31,2.104,28.96,11.58,3142.2,28.21,320.5,1
60.61,0.52,20.38,12.37,1900.2,14.69,137.6,0
74.55,1.84,23.33,11.56,2932.8,27.08,291.5,0
77.59,1.275,27.21,12.19,3955.4,30.51,277.1,1
70.27,0.279,24.2,12.38,2820.1,18.84,21.2,0
41.1,0.704,7.21,12.88,1056.3,6.75,126.7,0
93.72,2.197,31.28,11.78,3401.0,30.35,509.1,1
78.54,2.129,25.45,11.78,2857.5,22.86,512.9,1
66.7,1.735,18.67,12.16,2816.8,26.32,373.1,0
70.05,0.979,16.71,11.95,2811.6,15.84,29.9,0
76.18,2.076,33.04,11.83,4213.8,28.41,366.2,1
81.9,1.713,41.84,12.05,3688.2,30.82,280.6,1
65.38,2.026,17.63,12.2,2367.8,19.74,380.9,0
67.71,2.251,19.67,12.29,2324.0,18.33,493.5,1
57.41,0.931,22.46,12.38,2031.8,14.57,208.7,0
41.24,0.596,17.41,12.48,1663.8,10.31,87.6,0
76.94,1.174,29.09,11.85,3415.3,28.34,179.5,1
59.45,0.915,16.66,12.16,2498.1,19.67,20.2,0
70.52,2.19,25.71,11.94,2740.7,23.58,478.4,1
65.88,0.969,29.56,12.19,2854.1,21.26,186.3,0
64.6,1.849,26.37,12.62,2264.9,22.23,299.0,1
57.5,0.488,14.77,12.24,1656.4,9.71,12.4,0
62.97,0.928,25.67,12.23,2860.2,25.86,159.7,0
74.18,2.478,32.56,11.6,3749.9,27.46,429.2,1
54.38,0.623,17.72,12.12,2609.0,10.47,37.9,0
48.34,1.238,19.39,12.15,1909.1,18.0,193.3,0
75.14,0.989,21.43,12.09,2772.9,20.52,141.8,0
71.12,1.293,25.03,12.29,2788.0,20.04,233.5,0
77.6,2.346,30.31,11.33,2988.9,24.2,483.9,1
49.02,0.959,12.18,12.66,1558.2,9.28,66.1,0
72.04,1.826,29.57,11.87,2125.8,21.47,398.7,1
69.52,1.683,18.85,12.25,2938.4,22.48,203.5,0
64.13,1.81,24.51,11.87,3000.7,22.06,289.6,1
53.32,0.604,17.78,12.82,1934.4,12.64,54.0,0
66.94,1.862,18.33,12.57,1682.6,22.98,473.6,1
82.32,1.308,22.84,12.04,2606.0,18.08,279.0,1
76.62,1.444,32.53,11.76,2894.2,28.61,239.2,1
64.07,1.447,22.99,12.33,2713.7,16.2,202.0,0
76.21,2.355,31.23,12.02,2573.8,30.11,468.2,1
52.59,1.676,18.27,12.57,1530.7,11.26,324.3,0
73.35,1.201,26.73,12.04,3535.2,25.57,142.1,0
65.06,1.247,24.4,12.07,2813.5,18.54,164.4,0
48.72,0.611,17.61,12.75,1744.4,9.47,105.6,0
76.29,1.556,31.92,11.64,2568.4,20.52,276.8,1
72.97,1.863,23.98,11.59,1878.9,17.35,393.0,0
85.91,2.672,41.88,11.4,3391.4,28.72,504.6,1
81.5,2.235,36.41,11.41,3715.4,36.05,369.9,1
70.41,1.495,20.73,11.94,2453.3,18.9,254.6,0
93.5,2.498,41.31,11.48,3684.9,32.76,508.7,1
79.21,2.005,28.98,11.66,3726.3,26.36,443.9,1
74.47,1.787,30.57,11.97,3184.5,29.07,346.4,1
69.35,1.905,22.73,11.87,2951.7,25.64,449.1,1
73.3,1.915,27.65,11.7,2899.7,24.81,366.2,1
66.92,1.274,29.41,11.97,3144.2,24.74,275.3,1
60.22,0.916,15.36,13.05,2507.6,18.98,74.8,0
68.46,1.438,20.35,11.45,2631.2,26.61,312.8,1
61.73,0.851,17.62,12.42,2133.5,12.54,32.6,0
67.52,2.53,17.43,12.13,1786.2,20.45,476.5,0
54.5,1.393,30.15,11.52,2325.6,23.22,163.0,0
63.64,0.898,32.61,12.09,3112.9,22.06,73.9,0
62.37,0.932,16.67,12.95,2063.1,14.95,95.6,0
88.33,2.203,31.21,11.9,2763.9,26.49,376.3,1
94.72,2.863,36.55,11.11,4037.3,37.17,490.5,1
83.91,2.155,28.92,11.8,3153.7,30.15,376.9,1
63.98,1.216,27.07,12.14,2856.1,26.54,162.5,0
56.01,0.973,17.68,12.34,2185.0,11.75,119.0,0
69.64,1.377,29.28,12.39,2939.7,23.13,255.3,0
68.48,2.048,28.16,11.62,3754.8,24.91,170.2,0
58.95,1.295,17.85,12.08,1678.6,13.49,310.7,0
52.75,0.914,9.32,12.5,1557.5,8.01,74.9,0
74.53,1.3,31.93,11.68,3215.2,27.63,143.5,0
71.71,1.627,25.9,12.25,2385.4,21.66,286.1,1
58.64,1.838,26.56,12.33,2902.3,23.07,373.0,0
67.42,2.001,27.29,11.55,2359.6,22.53,390.4,0
58.16,0.854,20.3,12.43,2059.6,15.91,135.6,0
54.8,1.066,17.71,12.27,1773.8,14.37,260.3,0
65.05,0.924,17.92,12.05,3030.4,18.86,3.7,0
56.24,1.514,19.95,12.45,2197.2,15.39,265.7,0
75.65,1.286,31.96,12.09,3369.5,23.02,266.1,0
62.23,2.21,17.58,12.35,1720.8,17.93,461.1,0
81.48,1.886,24.46,11.53,2734.9,21.38,374.4,1
68.91,0.798,20.18,12.41,2496.9,16.38,55.8,0
49.28,0.553,7.49,12.19,1624.8,3.3,62.4,0
51.07,0.634,20.36,12.53,2250.1,13.89,90.8,0
63.32,1.341,25.84,11.96,2938.1,17.46,206.7,0
65.32,2.031,23.31,11.42,2184.8,17.45,373.8,0
66.79,1.707,20.15,12.39,2310.9,20.5,290.7,0
63.91,1.76,29.31,11.96,2633.4,24.34,377.6,0
84.66,2.34,27.72,11.55,2778.4,26.41,351.4,1
71.64,1.273,35.41,11.48,4228.3,29.33,178.6,0
70.55,1.747,32.55,11.8,2909.6,20.38,206.1,0
63.99,0.711,19.21,12.33,2205.7,12.66,169.3,0
56.26,0.526,21.72,12.73,2042.6,13.03,75.1,0
49.8,1.096,18.2,12.6,2296.0,18.05,96.6,0
67.27,1.568,23.1,11.56,2479.7,24.16,248.8,1
65.0,1.922,30.88,12.11,2609.0,18.07,358.1,0
79.99,1.664,31.18,11.97,3319.5,28.25,389.5,1
75.04,1.776,27.1,12.12,2164.2,17.6,406.0,0
63.71,1.412,20.35,12.6,2597.0,15.75,152.6,0
65.75,2.263,17.99,11.58,1932.7,18.49,470.8,0
83.97,2.37,27.01,11.41,3040.2,28.34,492.3,1
66.14,1.833,31.85,11.71,2844.3,21.96,289.8,1
75.18,1.637,25.47,12.0,3145.5,27.72,296.6,1
93.69,2.556,39.77,11.16,4004.4,36.63,364.8,1
57.84,0.863,12.94,12.35,2584.3,16.64,51.5,0
72.35,1.701,27.62,11.74,2887.8,21.52,294.4,0
70.2,1.121,23.07,11.99,2363.6,18.48,203.2,0
57.28,1.478,14.87,12.33,2400.4,16.12,225.0,0
64.95,0.895,17.47,11.75,1909.6,14.06,170.1,0
55.57,1.189,18.14,12.51,1853.4,18.14,244.1,0
61.9,2.13,16.38,12.26,1931.1,12.64,471.0,0
64.86,2.287,22.25,11.91,2295.8,16.16,400.4,0
67.55,1.238,27.04,11.94,3171.8,24.9,107.0,0
62.59,1.509,24.68,12.06,1007.8,17.09,315.1,0
80.88,1.334,27.27,11.9,3634.0,28.35,144.1,1
62.36,2.24,24.13,11.98,2003.9,22.35,416.7,0
58.76,0.992,18.83,12.25,2113.0,15.46,5.1,0
61.34,1.73,19.72,12.25,1817.5,7.99,287.9,0
62.5,1.5,20.28,12.35,2120.9,18.99,252.9,0
72.82,1.579,28.5,11.59,2885.7,24.36,311.9,1
62.67,1.019,25.88,11.81,3163.5,21.67,141.3,0
65.42,1.612,22.68,12.14,2770.7,19.32,196.4,0
64.86,1.623,30.49,11.8,3251.0,28.29,235.2,1
60.23,1.985,26.98,11.43,1678.9,22.98,518.5,1
64.99,2.568,21.99,12.26,1803.4,18.97,476.2,1
77.49,0.759,27.5,12.53,3404.8,27.17,27.1,0
55.81,1.036,13.91,12.64,1919.9,6.24,52.8,0
66.23,0.94,29.73,11.77,2957.3,21.06,10.8,0
55.54,0.849,18.49,12.54,1837.6,7.22,91.1,0
65.48,1.232,24.26,11.74,2318.6,22.95,281.6,0
63.15,1.81,20.5,12.2,2133.2,21.73,418.5,1
60.34,0.989,19.29,12.43,2334.9,16.93,226.5,0
77.54,1.349,26.36,11.97,2862.1,21.88,253.1,0
57.16,1.866,27.76,11.76,2519.7,23.92,339.8,0
73.59,1.239,27.33,12.09,3441.1,29.64,86.3,0
59.29,0.712,22.72,11.9,2546.9,17.46,26.5,0
72.12,2.338,26.45,11.83,2220.6,24.74,485.1,1
63.1,1.18,28.54,12.38,2542.3,22.29,157.5,0
54.52,1.054,28.45,11.58,2553.1,23.95,243.5,0
71.89,1.718,20.61,11.6,2263.8,18.54,423.5,0
65.39,1.368,17.52,11.91,2404.0,23.96,225.6,0
72.88,2.153,18.75,12.35,1905.8,20.8,439.1,1
73.97,0.98,29.02,11.86,3277.9,24.94,84.5,0
49.44,0.64,19.36,12.27,1989.9,12.86,61.5,0
76.78,1.375,26.12,11.98,3594.2,23.44,170.1,0
71.39,2.041,21.57,11.95,2211.4,18.7,515.8,1
49.66,1.426,18.48,12.35,1723.6,14.36,303.1,0
54.37,1.228,14.03,12.55,1410.6,17.35,364.0,0
69.49,2.11,24.6,12.06,2229.7,20.68,419.6,1
47.42,1.049,14.75,12.46,1296.6,7.9,233.4,0
74.9,1.805,29.86,11.71,3164.0,28.49,305.6,1
80.41,1.505,27.65,12.34,3066.2,25.88,206.7,1
78.09,2.424,36.62,11.59,3036.9,24.94,407.3,1
68.95,1.821,25.13,12.2,2875.7,21.72,328.4,0
69.24,2.148,27.92,11.71,2633.8,27.99,462.6,1
59.39,1.724,17.44,12.49,1572.2,17.1,411.8,0
54.82,0.685,23.22,12.3,2196.6,17.53,20.1,0
52.99,1.917,23.23,11.72,1991.9,22.67,417.2,1
74.01,2.951,22.2,11.8,2160.6,22.21,514.2,1
52.38,0.488,13.97,12.64,2441.6,17.52,41.4,0
80.66,2.108,23.36,11.95,2199.0,25.39,484.5,1
66.09,2.182,21.33,11.82,2485.5,22.57,491.1,1
44.71,0.74,17.8,11.63,1911.1,15.26,201.7,0
57.46,1.83,18.43,12.13,1286.7,15.05,358.6,0
50.97,0.995,18.23,12.49,2552.1,18.76,98.9,0
66.42,0.553,24.92,12.64,2133.9,13.66,1.9,0
54.67,0.772,20.16,12.21,2023.7,19.31,70.6,0
67.65,2.125,19.25,12.16,1773.9,17.56,446.5,0
60.33,0.575,9.81,12.22,1537.0,11.91,155.9,0
65.49,0.966,15.55,12.09,2542.6,15.21,173.6,0
68.86,1.757,27.23,11.87,2366.3,19.89,359.1,1
46.16,0.568,11.96,12.38,1883.4,10.22,35.7,0
81.57,2.372,31.36,11.59,3084.5,26.26,337.2,1
76.43,1.405,28.94,11.74,3231.2,26.38,142.1,1
66.37,1.509,29.19,11.92,2821.8,25.01,307.2,1
79.01,1.163,21.39,11.86,2457.0,16.59,95.9,0
74.61,2.252,25.23,12.03,2263.3,18.04,498.9,0
60.82,1.419,20.25,12.53,2508.1,12.17,169.1,0
71.95,1.208,22.49,12.02,2826.2,22.96,254.8,0
66.91,1.232,30.0,11.72,3253.4,21.99,92.1,0
62.86,1.195,15.76,12.27,1736.6,15.93,227.8,0
74.81,1.261,25.97,12.29,3692.7,20.76,51.4,0
90.21,1.832,28.09,12.12,2978.3,26.61,298.7,1
52.24,0.492,10.91,12.3,1942.4,9.39,100.6,0
63.23,1.701,22.86,11.94,2666.5,24.77,197.6,0
72.85,0.966,30.39,12.37,3245.5,24.48,53.7,0
71.6,2.08,27.3,11.81,2367.0,22.15,477.5,1
74.57,1.55,19.21,11.83,3178.9,21.56,388.1,1
59.11,0.777,15.18,12.09,2198.4,20.76,261.9,0
61.93,0.796,19.24,12.33,2341.8,11.7,23.5,0
78.53,1.962,28.15,11.86,3222.9,27.56,393.4,1
55.82,1.491,25.0,12.5,2328.6,13.96,218.6,0
63.62,2.317,22.3,11.65,2615.5,26.73,468.5,1
72.53,1.628,24.62,12.17,2344.0,18.39,435.1,1
51.93,1.352,13.75,12.03,1675.9,12.74,302.3,0
59.92,1.907,16.95,12.17,1600.8,19.0,455.4,0
63.88,0.784,27.75,12.35,2787.6,23.64,22.9,0
92.53,2.258,36.35,11.63,3570.4,26.67,395.3,1
55.41,0.79,23.78,11.85,2377.8,16.17,43.0,0
64.98,1.382,22.98,12.05,2642.5,18.56,162.7,0
69.41,1.653,26.48,11.94,2871.8,25.73,271.6,1
56.43,1.115,22.02,12.42,2305.5,19.33,177.6,0
70.51,1.159,30.95,11.96,2833.6,28.55,190.4,0
61.57,1.632,19.0,12.31,2088.7,17.87,321.4,0
74.69,1.634,36.09,12.37,3296.7,29.38,64.6,0
78.44,1.646,30.92,11.43,3636.3,31.01,196.6,1
71.77,2.179,28.44,11.98,3236.1,29.19,348.1,1
63.99,1.386,23.07,12.22,1936.6,21.07,404.7,0
70.82,2.024,27.37,12.14,3103.7,23.06,355.3,0
81.34,2.609,23.6,12.41,2361.7,26.44,401.5,1
66.56,2.242,23.5,12.5,1915.0,23.18,357.9,1
73.29,1.431,25.42,11.75,3185.1,20.91,163.8,0
61.66,1.756,17.98,12.4,2274.6,12.49,315.4,0
70.81,2.406,24.98,11.92,3136.2,22.17,497.2,1
76.67,1.159,28.05,12.08,3551.7,25.39,96.1,0
58.98,2.424,20.8,12.15,1718.8,18.62,509.1,1
66.39,1.805,29.45,11.64,2959.7,21.7,273.5,1
68.74,1.953,30.03,11.78,2736.0,21.23,375.9,1
63.81,1.628,22.32,12.21,2790.8,21.09,211.8,0
52.38,0.776,14.01,12.71,2717.8,18.0,60.6,0
69.12,0.904,26.77,11.85,3112.4,24.7,80.1,0
77.84,2.267,21.79,11.68,3158.1,24.42,440.7,1
62.44,1.235,22.37,11.83,2985.2,22.47,123.5,0
55.45,1.543,15.08,12.66,1864.2,11.43,359.4,0
71.92,1.114,21.49,11.75,3211.4,19.43,132.7,0
72.34,1.722,24.31,11.92,2800.4,20.04,333.7,0
68.29,1.35,22.57,11.7,2680.3,16.29,295.8,0
80.68,2.207,29.92,11.66,2967.1,27.69,436.4,1
63.06,1.637,23.04,12.21,2035.6,16.05,237.7,0
74.87,2.238,28.89,11.6,2980.5,25.67,472.1,1
83.06,1.833,34.02,11.3,3863.1,34.39,345.1,1
67.6,1.855,23.86,11.97,2723.3,15.65,286.3,0
60.48,1.93,14.7,11.94,1922.3,15.03,419.8,0
58.76,2.651,33.45,12.31,2529.3,25.65,444.4,1
79.12,1.381,34.8,12.09,3790.8,27.68,100.5,1
68.67,1.902,21.19,12.36,2390.1,18.08,327.4,0
46.97,1.263,15.93,12.09,1824.4,17.04,146.4,0
74.78,2.007,23.39,11.99,2114.4,19.3,453.7,0
72.36,1.883,27.89,11.87,2750.3,21.72,350.8,0
76.15,1.328,22.38,12.05,2654.4,21.86,208.7,0
59.73,1.401,28.39,11.96,2826.8,28.71,219.4,0
80.79,1.471,27.65,12.03,3304.9,22.18,159.7,1
39.18,0.508,20.7,12.29,1666.5,12.21,27.5,0
49.19,0.559,22.42,12.43,1797.4,15.97,39.1,0
68.09,1.832,27.35,11.59,2071.5,20.09,284.0,0
74.42,0.695,37.23,11.91,3388.9,26.2,92.2,0
80.49,2.237,28.3,11.84,2879.1,25.62,354.0,1
65.37,0.852,30.63,12.03,3874.1,23.88,93.8,0
62.05,1.295,15.4,12.61,1455.0,14.34,210.6,0
72.55,2.067,30.65,11.86,3147.6,25.65,307.1,1
64.22,0.655,18.91,12.08,2431.7,17.59,17.6,0
64.38,1.522,21.03,12.02,2960.2,15.78,175.6,0
64.94,1.07,26.92,12.2,2376.3,23.82,229.5,0
58.24,0.9,17.62,11.86,2323.9,18.68,33.0,0
70.47,1.747,23.25,11.99,2008.2,17.72,433.7,0
64.89,1.089,23.15,11.9,2550.4,20.46,191.7,0
62.53,1.084,26.25,12.1,3423.7,20.99,87.3,0
